{"stats":{"minecraft:killed":{"minecraft:cod":1,"minecraft:pufferfish":2,"minecraft:skeleton":160,"minecraft:chicken":186,"minecraft:salmon":2,"minecraft:iron_golem":1,"minecraft:pillager":85,"minecraft:zombie":157,"minecraft:cow":341,"minecraft:evoker":2,"minecraft:zombie_pigman":3,"minecraft:vindicator":16,"minecraft:snow_golem":12,"minecraft:ravager":2,"minecraft:enderman":2,"minecraft:witch":8,"minecraft:spider":51,"minecraft:silverfish":4,"minecraft:pig":1,"minecraft:zombie_villager":1,"minecraft:creeper":28,"minecraft:sheep":71,"minecraft:trader_llama":2,"minecraft:vex":4,"minecraft:slime":16,"minecraft:phantom":4,"minecraft:drowned":2,"minecraft:bat":1,"minecraft:wither_skeleton":1,"minecraft:villager":2},"minecraft:picked_up":{"minecraft:flower_pot":1,"minecraft:lead":9,"minecraft:oak_stairs":48,"minecraft:acacia_pressure_plate":2,"minecraft:enchanted_book":2,"minecraft:golden_sword":2,"minecraft:string":60,"minecraft:pufferfish":10,"minecraft:beetroot":20,"minecraft:gold_nugget":3,"minecraft:spruce_planks":12,"minecraft:enchanted_golden_apple":2,"minecraft:melon_slice":1882,"minecraft:golden_helmet":2,"minecraft:composter":2,"minecraft:brick_wall":12,"minecraft:black_dye":1,"minecraft:stone_sword":2,"minecraft:lime_carpet":4,"minecraft:tropical_fish":15,"minecraft:carved_pumpkin":1,"minecraft:white_terracotta":3,"minecraft:iron_bars":6,"minecraft:snowball":273,"minecraft:feather":174,"minecraft:cooked_beef":61,"minecraft:iron_door":7,"minecraft:brown_wool":7,"minecraft:flint":51,"minecraft:stonecutter":2,"minecraft:glowstone_dust":4,"minecraft:ink_sac":4,"minecraft:loom":1,"minecraft:barrel":6,"minecraft:iron_hoe":1,"minecraft:dispenser":4,"minecraft:granite":481,"minecraft:bread":4,"minecraft:blue_banner":6,"minecraft:dark_oak_fence":64,"minecraft:diamond_pickaxe":3,"minecraft:crafting_table":8,"minecraft:clay_ball":16,"minecraft:leather_leggings":1,"minecraft:orange_banner":1,"minecraft:cornflower":52,"minecraft:white_carpet":8,"minecraft:iron_shovel":2,"minecraft:cracked_stone_bricks":3,"minecraft:cartography_table":1,"minecraft:beef":763,"minecraft:poppy":46,"minecraft:chest":10,"minecraft:egg":1123,"minecraft:stone":73,"minecraft:oak_door":13,"minecraft:carrot":2956,"minecraft:redstone":375,"minecraft:stone_shovel":4,"minecraft:beetroot_seeds":47,"minecraft:shears":2,"minecraft:hay_block":31,"minecraft:totem_of_undying":2,"minecraft:mutton":113,"minecraft:rail":24,"minecraft:white_wool":345,"minecraft:oxeye_daisy":62,"minecraft:stripped_oak_log":8,"minecraft:red_mushroom":7,"minecraft:purpur_stairs":4,"minecraft:oak_log":1104,"minecraft:lily_pad":18,"minecraft:golden_boots":5,"minecraft:white_banner":35,"minecraft:stone_bricks":25,"minecraft:apple":42,"minecraft:stone_pickaxe":19,"minecraft:oak_fence_gate":64,"minecraft:iron_ore":498,"minecraft:glass_bottle":3,"minecraft:gravel":512,"minecraft:leather_helmet":2,"minecraft:slime_ball":9,"minecraft:stone_axe":2,"minecraft:light_blue_carpet":6,"minecraft:gray_wool":190,"minecraft:brown_banner":1,"minecraft:melon_seeds":37,"minecraft:ender_pearl":3,"minecraft:black_carpet":3,"minecraft:wheat":2382,"minecraft:smooth_stone_slab":12,"minecraft:smooth_stone":26,"minecraft:red_dye":1,"minecraft:ender_eye":21,"minecraft:iron_pickaxe":2,"minecraft:furnace":6,"minecraft:stick":194,"minecraft:jungle_door":2,"minecraft:oak_fence":16,"minecraft:torch":464,"minecraft:porkchop":2,"minecraft:diorite":746,"minecraft:vine":2113,"minecraft:andesite_wall":60,"minecraft:rotten_flesh":215,"minecraft:music_disc_ward":2,"minecraft:obsidian":4,"minecraft:cod":8,"minecraft:cobblestone":10099,"minecraft:enchanting_table":1,"minecraft:leather_chestplate":2,"minecraft:andesite":370,"minecraft:golden_leggings":4,"minecraft:potato":659,"minecraft:light_gray_dye":2,"minecraft:dirt":15469,"minecraft:lapis_lazuli":127,"minecraft:polished_granite":4,"minecraft:name_tag":1,"minecraft:leather_boots":1,"minecraft:bone":197,"minecraft:bow":15,"minecraft:wheat_seeds":8917,"minecraft:bell":1,"minecraft:grindstone":2,"minecraft:fletching_table":1,"minecraft:mossy_stone_bricks":89,"minecraft:prismarine":2,"minecraft:oak_planks":123,"minecraft:stone_hoe":3,"minecraft:mossy_stone_brick_stairs":2,"minecraft:diorite_wall":31,"minecraft:poisonous_potato":3,"minecraft:sand":524,"minecraft:grass_block":1,"minecraft:mossy_cobblestone":117,"minecraft:sugar":4,"minecraft:yellow_carpet":1,"minecraft:diamond":27,"minecraft:crossbow":11,"minecraft:bone_meal":12,"minecraft:grass":18,"minecraft:golden_apple":2,"minecraft:emerald":11,"minecraft:oak_sapling":289,"minecraft:netherrack":27,"minecraft:oak_leaves":443,"minecraft:azure_bluet":31,"minecraft:chicken":181,"minecraft:brown_mushroom":14,"minecraft:wooden_pickaxe":4,"minecraft:stone_brick_wall":3,"minecraft:oak_trapdoor":8,"minecraft:stone_stairs":1,"minecraft:iron_axe":3,"minecraft:item_frame":5,"minecraft:oak_boat":4,"minecraft:light_gray_wool":78,"minecraft:sugar_cane":1141,"minecraft:phantom_membrane":2,"minecraft:note_block":2,"minecraft:stone_button":11,"minecraft:cookie":1,"minecraft:music_disc_11":2,"minecraft:iron_horse_armor":3,"minecraft:arrow":173,"minecraft:saddle":1,"minecraft:black_banner":5,"minecraft:nether_brick_wall":104,"minecraft:dark_oak_button":2,"minecraft:salmon":15,"minecraft:leather":531,"minecraft:chainmail_chestplate":1,"minecraft:cobblestone_stairs":37,"minecraft:yellow_bed":2,"minecraft:gunpowder":36,"minecraft:cobblestone_wall":615,"minecraft:gray_carpet":4,"minecraft:iron_ingot":15,"minecraft:cooked_chicken":1,"minecraft:mossy_stone_brick_wall":73,"minecraft:book":12,"minecraft:scaffolding":4,"minecraft:pumpkin":134,"minecraft:chiseled_stone_bricks":5,"minecraft:dandelion":46,"minecraft:white_bed":6,"minecraft:gold_ore":83,"minecraft:dark_oak_fence_gate":2,"minecraft:mossy_stone_brick_slab":24,"minecraft:spider_eye":17,"minecraft:cyan_banner":1,"minecraft:pumpkin_seeds":10,"minecraft:prismarine_wall":116,"minecraft:black_wool":22,"minecraft:coal":1035,"minecraft:sunflower":40},"minecraft:mined":{"minecraft:white_bed":12,"minecraft:light_blue_carpet":2,"minecraft:carved_pumpkin":1,"minecraft:obsidian":5,"minecraft:granite":674,"minecraft:stone_brick_wall":1,"minecraft:yellow_carpet":1,"minecraft:acacia_pressure_plate":2,"minecraft:oxeye_daisy":19,"minecraft:chiseled_stone_bricks":5,"minecraft:barrel":6,"minecraft:cyan_wall_banner":1,"minecraft:pumpkin":135,"minecraft:fletching_table":1,"minecraft:enchanting_table":1,"minecraft:oak_stairs":50,"minecraft:tripwire":1,"minecraft:brown_mushroom":14,"minecraft:torch":122,"minecraft:note_block":2,"minecraft:melon":359,"minecraft:glass":87,"minecraft:cyan_bed":3,"minecraft:sugar_cane":682,"minecraft:white_terracotta":1,"minecraft:wheat":3022,"minecraft:pumpkin_stem":1,"minecraft:black_bed":1,"minecraft:grass":3164,"minecraft:oak_fence_gate":64,"minecraft:loom":1,"minecraft:stonecutter":2,"minecraft:attached_pumpkin_stem":2,"minecraft:mossy_cobblestone":117,"minecraft:nether_brick_wall":126,"minecraft:dark_oak_fence":74,"minecraft:cartography_table":1,"minecraft:red_mushroom":5,"minecraft:redstone_ore":82,"minecraft:snow":247,"minecraft:andesite":366,"minecraft:mossy_stone_brick_stairs":2,"minecraft:potatoes":182,"minecraft:vine":2184,"minecraft:rail":19,"minecraft:cake":1,"minecraft:glass_pane":1,"minecraft:dandelion":31,"minecraft:cornflower":49,"minecraft:emerald_ore":4,"minecraft:tall_grass":1,"minecraft:diorite":708,"minecraft:cobblestone_wall":569,"minecraft:white_carpet":1,"minecraft:gravel":448,"minecraft:cobweb":11,"minecraft:stone_bricks":4,"minecraft:gold_ore":67,"minecraft:fern":2,"minecraft:infested_stone":4,"minecraft:spruce_planks":13,"minecraft:prismarine_wall":108,"minecraft:attached_melon_stem":6,"minecraft:oak_sapling":7,"minecraft:farmland":8,"minecraft:mossy_stone_brick_slab":30,"minecraft:cobblestone_stairs":33,"minecraft:grass_block":9792,"minecraft:composter":2,"minecraft:iron_ore":498,"minecraft:potted_red_mushroom":1,"minecraft:black_carpet":1,"minecraft:azure_bluet":20,"minecraft:iron_bars":6,"minecraft:melon_stem":13,"minecraft:purpur_stairs":3,"minecraft:clay":4,"minecraft:poppy":29,"minecraft:chest":9,"minecraft:cobblestone":230,"minecraft:grindstone":2,"minecraft:prismarine":2,"minecraft:oak_planks":85,"minecraft:wall_torch":78,"minecraft:seagrass":1,"minecraft:stone_stairs":1,"minecraft:mossy_stone_brick_wall":51,"minecraft:brown_wall_banner":1,"minecraft:oak_log":935,"minecraft:beetroots":18,"minecraft:diorite_wall":35,"minecraft:sand":584,"minecraft:dirt":5962,"minecraft:dispenser":4,"minecraft:netherrack":31,"minecraft:oak_leaves":2471,"minecraft:diamond_ore":27,"minecraft:stone_button":2,"minecraft:hay_block":31,"minecraft:oak_trapdoor":8,"minecraft:furnace":6,"minecraft:carrots":862,"minecraft:dark_oak_fence_gate":2,"minecraft:bookshelf":4,"minecraft:stripped_oak_log":11,"minecraft:stone":10201,"minecraft:jungle_fence_gate":1,"minecraft:scaffolding":4,"minecraft:brick_wall":14,"minecraft:polished_granite":6,"minecraft:oak_fence":18,"minecraft:crafting_table":8,"minecraft:andesite_wall":63,"minecraft:lapis_ore":20,"minecraft:black_wall_banner":1,"minecraft:white_wall_banner":13,"minecraft:yellow_bed":5,"minecraft:grass_path":362,"minecraft:coal_ore":1031,"minecraft:gray_carpet":1,"minecraft:cracked_stone_bricks":3,"minecraft:mossy_stone_bricks":98},"minecraft:crafted":{"minecraft:smooth_stone":2,"minecraft:orange_carpet":15,"minecraft:melon":188,"minecraft:diamond_shovel":2,"minecraft:bookshelf":35,"minecraft:cracked_stone_bricks":118,"minecraft:cooked_mutton":99,"minecraft:glass":493,"minecraft:melon_seeds":78,"minecraft:iron_door":6,"minecraft:golden_axe":1,"minecraft:pumpkin":4,"minecraft:wooden_shovel":2,"minecraft:emerald":208,"minecraft:cooked_porkchop":2,"minecraft:diamond_axe":2,"minecraft:fern":12,"minecraft:smithing_table":1,"minecraft:golden_pickaxe":1,"minecraft:sticky_piston":4,"minecraft:red_mushroom":1,"minecraft:fletching_table":1,"minecraft:hay_block":79,"minecraft:campfire":8,"minecraft:brown_banner":1,"minecraft:stone_brick_stairs":8,"minecraft:dark_oak_sapling":1,"minecraft:wooden_hoe":1,"minecraft:golden_leggings":1,"minecraft:compass":6,"minecraft:iron_pickaxe":14,"minecraft:iron_block":12,"minecraft:gold_ingot":67,"minecraft:light_gray_dye":1,"minecraft:spruce_fence_gate":1,"minecraft:packed_ice":2,"minecraft:golden_carrot":3,"minecraft:stone_shovel":87,"minecraft:leather_leggings":1,"minecraft:iron_nugget":4,"minecraft:bone_meal":144,"minecraft:andesite_wall":444,"minecraft:white_carpet":222,"minecraft:stone_stairs":36,"minecraft:diamond":54,"minecraft:ladder":90,"minecraft:stone_pickaxe":115,"minecraft:dark_oak_planks":8,"minecraft:golden_helmet":1,"minecraft:wheat":720,"minecraft:coal_block":62,"minecraft:crossbow":6,"minecraft:enchanting_table":1,"minecraft:polished_granite":8,"minecraft:leather_helmet":1,"minecraft:red_carpet":9,"minecraft:light_blue_carpet":3,"minecraft:oak_fence_gate":137,"minecraft:mossy_stone_brick_stairs":28,"minecraft:wooden_axe":2,"minecraft:oak_stairs":184,"minecraft:iron_shovel":22,"minecraft:iron_leggings":3,"minecraft:white_bed":17,"minecraft:oak_planks":2427,"minecraft:cooked_chicken":170,"minecraft:mossy_stone_brick_slab":30,"minecraft:stone":5226,"minecraft:cobblestone_stairs":324,"minecraft:suspicious_stew":8,"minecraft:cake":1,"minecraft:brown_carpet":3,"minecraft:stone_brick_slab":36,"minecraft:bow":10,"minecraft:iron_boots":4,"minecraft:chest":33,"minecraft:chiseled_stone_bricks":17,"minecraft:stone_hoe":10,"minecraft:stone_bricks":2792,"minecraft:oak_fence":60,"minecraft:golden_sword":6,"minecraft:white_banner":1,"minecraft:item_frame":12,"minecraft:arrow":168,"minecraft:cauldron":1,"minecraft:map":5,"minecraft:crafting_table":9,"minecraft:spruce_planks":16,"minecraft:wooden_pickaxe":5,"minecraft:baked_potato":28,"minecraft:iron_helmet":6,"minecraft:pumpkin_seeds":56,"minecraft:apple":4,"minecraft:book":160,"minecraft:iron_chestplate":4,"minecraft:paper":714,"minecraft:diamond_pickaxe":8,"minecraft:shield":1,"minecraft:stick":1844,"minecraft:iron_ingot":514,"minecraft:leather_chestplate":1,"minecraft:stone_sword":2,"minecraft:snow_block":55,"minecraft:lime_carpet":3,"minecraft:gray_carpet":229,"minecraft:redstone_torch":17,"minecraft:light_gray_carpet":108,"minecraft:shears":12,"minecraft:oak_door":15,"minecraft:cookie":144,"minecraft:coal":45,"minecraft:stone_brick_wall":6,"minecraft:tripwire_hook":4,"minecraft:leather_boots":1,"minecraft:mossy_stone_bricks":1932,"minecraft:furnace":12,"minecraft:piston":6,"minecraft:sugar_cane":8,"minecraft:mushroom_stew":1,"minecraft:mossy_stone_brick_wall":228,"minecraft:flint_and_steel":1,"minecraft:iron_axe":5,"minecraft:iron_hoe":2,"minecraft:cobblestone_wall":1134,"minecraft:filled_map":10,"minecraft:orange_banner":1,"minecraft:glistering_melon_slice":18,"minecraft:cooked_beef":701,"minecraft:sugar":13,"minecraft:red_dye":1,"minecraft:cooked_cod":4,"minecraft:diamond_sword":5,"minecraft:yellow_carpet":3,"minecraft:diorite_wall":132,"minecraft:iron_sword":9,"minecraft:cooked_salmon":4,"minecraft:bucket":8,"minecraft:stone_axe":15,"minecraft:bread":55,"minecraft:oak_boat":3,"minecraft:gold_nugget":1,"minecraft:black_carpet":45,"minecraft:stonecutter":1,"minecraft:anvil":2,"minecraft:andesite":368,"minecraft:torch":1438},"minecraft:custom":{"minecraft:interact_with_crafting_table":606,"minecraft:open_barrel":69,"minecraft:bell_ring":85,"minecraft:leave_game":141,"minecraft:time_since_death":4462542,"minecraft:damage_blocked_by_shield":970,"minecraft:deaths":4,"minecraft:jump":17747,"minecraft:enchant_item":43,"minecraft:interact_with_furnace":658,"minecraft:play_record":6,"minecraft:traded_with_villager":264,"minecraft:interact_with_cartography_table":18,"minecraft:sleep_in_bed":177,"minecraft:damage_dealt":127078,"minecraft:interact_with_smoker":22,"minecraft:inspect_dispenser":4,"minecraft:horse_one_cm":208711,"minecraft:sneak_time":34513,"minecraft:interact_with_blast_furnace":32,"minecraft:tune_noteblock":316,"minecraft:interact_with_stonecutter":21,"minecraft:time_since_rest":4399,"minecraft:swim_one_cm":3652,"minecraft:fly_one_cm":1643007,"minecraft:open_chest":2881,"minecraft:fall_one_cm":210402,"minecraft:animals_bred":830,"minecraft:sprint_one_cm":3512707,"minecraft:drop":234,"minecraft:play_noteblock":2,"minecraft:talked_to_villager":326,"minecraft:walk_on_water_one_cm":268914,"minecraft:play_one_minute":4570011,"minecraft:interact_with_loom":13,"minecraft:open_enderchest":69,"minecraft:crouch_one_cm":92422,"minecraft:mob_kills":1174,"minecraft:fill_cauldron":1,"minecraft:climb_one_cm":174053,"minecraft:walk_one_cm":16261607,"minecraft:raid_win":1,"minecraft:walk_under_water_one_cm":139132,"minecraft:boat_one_cm":422163,"minecraft:raid_trigger":2,"minecraft:damage_taken":35495},"minecraft:used":{"minecraft:jack_o_lantern":26,"minecraft:dispenser":4,"minecraft:poppy":2,"minecraft:ladder":138,"minecraft:black_carpet":7,"minecraft:green_banner":1,"minecraft:chest":58,"minecraft:stone":798,"minecraft:farmland":13,"minecraft:skeleton_spawn_egg":2,"minecraft:acacia_sapling":3,"minecraft:snowball":4,"minecraft:wandering_trader_spawn_egg":1,"minecraft:jungle_sapling":6,"minecraft:lava_bucket":51,"minecraft:lime_banner":1,"minecraft:jungle_fence_gate":8,"minecraft:grass_block":13,"minecraft:music_disc_ward":4,"minecraft:polished_andesite_stairs":9,"minecraft:dark_oak_button":4,"minecraft:diorite_wall":159,"minecraft:stone_brick_stairs":5,"minecraft:blue_banner":20,"minecraft:bow":2,"minecraft:oak_sapling":184,"minecraft:furnace":19,"minecraft:egg":311,"minecraft:potato":253,"minecraft:light_blue_carpet":7,"minecraft:mossy_stone_bricks":1069,"minecraft:diorite":38,"minecraft:brick_wall":14,"minecraft:infested_stone":2,"minecraft:prismarine":76,"minecraft:wooden_pickaxe":119,"minecraft:mossy_stone_brick_stairs":12,"minecraft:oak_leaves":192,"minecraft:cookie":24,"minecraft:sand":3,"minecraft:purpur_stairs":26,"minecraft:blast_furnace":2,"minecraft:pumpkin_seeds":40,"minecraft:stone_button":58,"minecraft:polished_granite":14,"minecraft:diamond_sword":1002,"minecraft:dark_oak_fence":85,"minecraft:smithing_table":3,"minecraft:oak_boat":5,"minecraft:iron_bars":22,"minecraft:enchanting_table":2,"minecraft:stone_sword":25,"minecraft:carved_pumpkin":1,"minecraft:wither_skeleton_spawn_egg":3,"minecraft:cooked_salmon":2,"minecraft:torch":1810,"minecraft:anvil":3,"minecraft:stone_stairs":11,"minecraft:cod_bucket":46,"minecraft:yellow_carpet":1,"minecraft:oak_fence_gate":201,"minecraft:fern":9,"minecraft:iron_block":12,"minecraft:iron_axe":495,"minecraft:melon_seeds":83,"minecraft:barrel":19,"minecraft:observer":4,"minecraft:wheat_seeds":3274,"minecraft:water_bucket":99,"minecraft:nether_brick_wall":162,"minecraft:birch_planks":1,"minecraft:cartography_table":1,"minecraft:cauldron":2,"minecraft:fletching_table":2,"minecraft:sheep_spawn_egg":33,"minecraft:spruce_fence_gate":3,"minecraft:conduit":2,"minecraft:cracked_stone_bricks":3,"minecraft:mossy_cobblestone":133,"minecraft:diamond_block":21,"minecraft:vine":181,"minecraft:tnt":41,"minecraft:crafting_table":15,"minecraft:campfire":21,"minecraft:white_bed":21,"minecraft:dark_oak_fence_gate":2,"minecraft:cake":3,"minecraft:oak_log":244,"minecraft:ender_eye":42,"minecraft:diamond_pickaxe":780,"minecraft:cornflower":1,"minecraft:oxeye_daisy":1,"minecraft:diamond_shovel":316,"minecraft:acacia_sign":8,"minecraft:iron_pickaxe":2682,"minecraft:suspicious_stew":8,"minecraft:spruce_trapdoor":2,"minecraft:chiseled_stone_bricks":5,"minecraft:cobblestone":1463,"minecraft:orange_banner":1,"minecraft:acacia_pressure_plate":2,"minecraft:end_portal_frame":29,"minecraft:stripped_oak_log":10,"minecraft:dandelion":1,"minecraft:jukebox":2,"minecraft:iron_shovel":5373,"minecraft:iron_sword":1873,"minecraft:bell":4,"minecraft:player_head":3,"minecraft:mossy_stone_brick_slab":52,"minecraft:carrot":985,"minecraft:music_disc_11":2,"minecraft:milk_bucket":5,"minecraft:obsidian":10,"minecraft:glass":475,"minecraft:lantern":3,"minecraft:stone_bricks":4,"minecraft:item_frame":21,"minecraft:bedrock":5,"minecraft:birch_trapdoor":7,"minecraft:red_nether_brick_wall":33,"minecraft:scaffolding":11,"minecraft:hay_block":14,"minecraft:beetroot_seeds":18,"minecraft:gold_block":41,"minecraft:skeleton_skull":1,"minecraft:dark_oak_sapling":1,"minecraft:wither_skeleton_skull":1,"minecraft:stone_pickaxe":14485,"minecraft:gray_carpet":4,"minecraft:oak_planks":425,"minecraft:prismarine_stairs":23,"minecraft:ender_pearl":16,"minecraft:redstone_block":16,"minecraft:sugar_cane":90,"minecraft:blue_bed":1,"minecraft:diamond_axe":467,"minecraft:white_wool":5,"minecraft:loom":1,"minecraft:mushroom_stew":1,"minecraft:black_banner":14,"minecraft:crossbow":236,"minecraft:stone_brick_wall":38,"minecraft:note_block":11,"minecraft:black_bed":1,"minecraft:shears":2532,"minecraft:redstone_torch":1,"minecraft:lever":2,"minecraft:firework_rocket":172,"minecraft:birch_fence_gate":1,"minecraft:melon_slice":1,"minecraft:lime_carpet":180,"minecraft:bread":38,"minecraft:cyan_bed":3,"minecraft:string":1,"minecraft:iron_door":22,"minecraft:prismarine_wall":171,"minecraft:gravel":2,"minecraft:pufferfish_bucket":88,"minecraft:grindstone":2,"minecraft:andesite":48,"minecraft:tropical_fish_bucket":81,"minecraft:bone_meal":186,"minecraft:experience_bottle":29,"minecraft:oak_fence":62,"minecraft:flint_and_steel":1,"minecraft:stone_shovel":12246,"minecraft:zombie_villager_spawn_egg":5,"minecraft:spruce_planks":14,"minecraft:ender_chest":2,"minecraft:wooden_shovel":128,"minecraft:stone_hoe":919,"minecraft:cooked_chicken":2,"minecraft:oak_door":29,"minecraft:dirt":12950,"minecraft:white_carpet":22,"minecraft:cobblestone_wall":1572,"minecraft:salmon_bucket":71,"minecraft:granite":18,"minecraft:andesite_wall":315,"minecraft:birch_door":10,"minecraft:wooden_axe":199,"minecraft:bookshelf":35,"minecraft:oak_stairs":232,"minecraft:emerald_block":26,"minecraft:infested_cobblestone":4,"minecraft:cyan_banner":1,"minecraft:stone_pressure_plate":9,"minecraft:cooked_beef":315,"minecraft:mossy_stone_brick_wall":237,"minecraft:pumpkin":35,"minecraft:cooked_mutton":84,"minecraft:cobblestone_stairs":378,"minecraft:snow_block":43,"minecraft:baked_potato":5,"minecraft:stonecutter":2,"minecraft:brown_banner":2,"minecraft:smoker":2,"minecraft:wooden_hoe":14,"minecraft:black_wool":24,"minecraft:apple":10,"minecraft:map":3,"minecraft:acacia_fence_gate":20,"minecraft:stone_axe":1939,"minecraft:fishing_rod":12,"minecraft:white_banner":27,"minecraft:jungle_door":15,"minecraft:bucket":416,"minecraft:grass_path":78,"minecraft:yellow_bed":2,"minecraft:pumpkin_pie":2,"minecraft:gray_wool":13,"minecraft:splash_potion":28},"minecraft:dropped":{"minecraft:crafting_table":1,"minecraft:purpur_stairs":1,"minecraft:dirt":23,"minecraft:grass":18,"minecraft:sunflower":30,"minecraft:sugar":4,"minecraft:white_wool":2,"minecraft:bone":1,"minecraft:stone_axe":1,"minecraft:sugar_cane":1,"minecraft:black_carpet":1,"minecraft:rotten_flesh":53,"minecraft:oak_planks":1,"minecraft:enchanted_golden_apple":2,"minecraft:diorite_wall":3,"minecraft:leather_leggings":1,"minecraft:egg":16,"minecraft:wheat_seeds":1940,"minecraft:oak_fence":2,"minecraft:cobblestone":106,"minecraft:apple":1,"minecraft:granite":1,"minecraft:coal":2,"minecraft:golden_apple":1,"minecraft:oxeye_daisy":24,"minecraft:gray_wool":2,"minecraft:lime_carpet":1,"minecraft:red_dye":2,"minecraft:string":3,"minecraft:lily_pad":9,"minecraft:gray_carpet":4,"minecraft:stone_sword":1,"minecraft:cobblestone_wall":43,"minecraft:smooth_stone_slab":12,"minecraft:white_carpet":2,"minecraft:white_terracotta":3,"minecraft:shears":1,"minecraft:pumpkin_seeds":2,"minecraft:potato":9,"minecraft:light_gray_dye":3,"minecraft:bow":1,"minecraft:oak_log":66,"minecraft:leather":168,"minecraft:cobblestone_stairs":6,"minecraft:zombie_villager_spawn_egg":1,"minecraft:cornflower":10,"minecraft:snowball":11,"minecraft:gravel":166,"minecraft:beetroot":4,"minecraft:carrot":8,"minecraft:poppy":10,"minecraft:trident":1,"minecraft:melon_seeds":9,"minecraft:stone_brick_wall":3,"minecraft:chest":1,"minecraft:prismarine_wall":38,"minecraft:oak_leaves":83,"minecraft:polished_granite":4,"minecraft:stone_hoe":3,"minecraft:stick":11,"minecraft:diorite":25,"minecraft:brown_wool":3,"minecraft:dandelion":11,"minecraft:light_gray_wool":2,"minecraft:andesite":24,"minecraft:golden_sword":1,"minecraft:stone_pickaxe":6},"minecraft:killed_by":{"minecraft:skeleton":4},"minecraft:broken":{"minecraft:golden_boots":1,"minecraft:wooden_shovel":2,"minecraft:diamond_helmet":1,"minecraft:shears":10,"minecraft:iron_boots":3,"minecraft:iron_chestplate":2,"minecraft:iron_leggings":3,"minecraft:iron_sword":7,"minecraft:leather_helmet":1,"minecraft:stone_hoe":6,"minecraft:wooden_pickaxe":2,"minecraft:iron_axe":1,"minecraft:iron_pickaxe":10,"minecraft:iron_helmet":3,"minecraft:iron_shovel":20,"minecraft:stone_pickaxe":106,"minecraft:stone_axe":14,"minecraft:wooden_axe":3,"minecraft:stone_shovel":84}},"DataVersion":1976}